Unnamed: 0,Document types,Unnamed: 2,File Path
1004-Datasheet,Datasheet,,C:\Users\ashu\OneDrive - dintegra\David (shared)'s files - FLW - MY Boardwalk (117m)\Fluegge Delivery Documentation\Batch 1\Approved Documnetation 07-08-2025\4521_13797.2130.01E01_pd-technik\26 Heeling pump potable water\Data sheet Boerger.pdf
1004-Datasheet,Datasheet,,C:\Users\ashu\OneDrive - dintegra\David (shared)'s files - FLW - MY Boardwalk (117m)\Fluegge Delivery Documentation\Batch 1\Approved Documnetation 07-08-2025\4521_13797.2130.01E01_pd-technik\26 Heeling pump potable water\Data Sheet PT100 thermometer.pdf
1004-Datasheet,Datasheet,,C:\Users\ashu\OneDrive - dintegra\David (shared)'s files - FLW - MY Boardwalk (117m)\Fluegge Delivery Documentation\Batch 1\Approved Documnetation 07-08-2025\4521_13797.2130.01E01_pd-technik\26 Heeling pump potable water\Datasheet for motor.pdf
1004-Datasheet,Datasheet,,C:\Users\ashu\OneDrive - dintegra\David (shared)'s files - FLW - MY Boardwalk (117m)\Fluegge Delivery Documentation\Batch 1\Approved Documnetation 07-08-2025\4521_13797.2130.01E01_pd-technik\26 Heeling pump potable water\Datasheet.pdf
1004-Datasheet,Datasheet,,C:\Users\ashu\OneDrive - dintegra\David (shared)'s files - FLW - MY Boardwalk (117m)\Fluegge Delivery Documentation\Batch 1\Approved Documnetation 07-08-2025\4521_13797.2130.01E01_pd-technik\26 Heeling pump potable water\Relais_datasheet_en.pdf
1004-Datasheet,Datasheet,,C:\Users\ashu\OneDrive - dintegra\David (shared)'s files - FLW - MY Boardwalk (117m)\Fluegge Delivery Documentation\Batch 1\Approved Documnetation 07-08-2025\4521_13797.2130.01E01_pd-technik\Certificates\26 Heeling pump potable water\Datasheet.pdf
1004-Datasheet,Datasheet,,C:\Users\ashu\OneDrive - dintegra\David (shared)'s files - FLW - MY Boardwalk (117m)\Fluegge Delivery Documentation\Batch 1\Approved Documnetation 07-08-2025\4521_13797.2130.01E01_pd-technik\IHM Documents\26 Heeling pump potable water\Datasheet.pdf
1004-Datasheet,Datasheet,,C:\Users\ashu\OneDrive - dintegra\David (shared)'s files - FLW - MY Boardwalk (117m)\Fluegge Delivery Documentation\Batch 1\Approved Documnetation 07-08-2025\4521_13797.2130.01_pd-technik\19 Cold and warm water circ pumps\Datasheet.pdf
1004-Datasheet,Datasheet,,C:\Users\ashu\OneDrive - dintegra\David (shared)'s files - FLW - MY Boardwalk (117m)\Fluegge Delivery Documentation\Batch 1\Approved Documnetation 07-08-2025\4521_13797.2130.01_pd-technik\20 Cold water buffer circ. pump 1\Datasheet.pdf
1004-Datasheet,Datasheet,,C:\Users\ashu\OneDrive - dintegra\David (shared)'s files - FLW - MY Boardwalk (117m)\Fluegge Delivery Documentation\Batch 1\Approved Documnetation 07-08-2025\4521_13797.2130.01_pd-technik\24 Pressure booster unit deck wash water\Datasheet.pdf
1004-Datasheet,Datasheet,,C:\Users\ashu\OneDrive - dintegra\David (shared)'s files - FLW - MY Boardwalk (117m)\Fluegge Delivery Documentation\Batch 1\Approved Documnetation 07-08-2025\4521_13797.2130.01_pd-technik\25 Pressure booster unit fresh water\Datasheet.pdf
1004-Datasheet,Datasheet,,C:\Users\ashu\OneDrive - dintegra\David (shared)'s files - FLW - MY Boardwalk (117m)\Fluegge Delivery Documentation\Batch 1\Approved Documnetation 07-08-2025\4521_13797.2130.01_pd-technik\Certificates\19 Cold and warm water circ pumps\Datasheet.pdf
1004-Datasheet,Datasheet,,C:\Users\ashu\OneDrive - dintegra\David (shared)'s files - FLW - MY Boardwalk (117m)\Fluegge Delivery Documentation\Batch 1\Approved Documnetation 07-08-2025\4521_13797.2130.01_pd-technik\Certificates\20 Cold water buffer circ. pump 1\Datasheet.pdf
1004-Datasheet,Datasheet,,C:\Users\ashu\OneDrive - dintegra\David (shared)'s files - FLW - MY Boardwalk (117m)\Fluegge Delivery Documentation\Batch 1\Approved Documnetation 07-08-2025\4521_13797.2130.01_pd-technik\Certificates\24 Pressure booster unit deck wash water\Datasheet.pdf
1004-Datasheet,Datasheet,,C:\Users\ashu\OneDrive - dintegra\David (shared)'s files - FLW - MY Boardwalk (117m)\Fluegge Delivery Documentation\Batch 1\Approved Documnetation 07-08-2025\4521_13797.2130.01_pd-technik\Certificates\25 Pressure booster unit fresh water\Datasheet.pdf
1004-Datasheet,Datasheet,,C:\Users\ashu\OneDrive - dintegra\David (shared)'s files - FLW - MY Boardwalk (117m)\Fluegge Delivery Documentation\Batch 1\Approved Documnetation 07-08-2025\4521_13797.2130.01_pd-technik\IHM Documents\19 Cold and warm water circ pumps\Datasheet.pdf
1004-Datasheet,Datasheet,,C:\Users\ashu\OneDrive - dintegra\David (shared)'s files - FLW - MY Boardwalk (117m)\Fluegge Delivery Documentation\Batch 1\Approved Documnetation 07-08-2025\4521_13797.2130.01_pd-technik\IHM Documents\20 Cold water buffer circ. pump 1\Datasheet.pdf
1004-Datasheet,Datasheet,,C:\Users\ashu\OneDrive - dintegra\David (shared)'s files - FLW - MY Boardwalk (117m)\Fluegge Delivery Documentation\Batch 1\Approved Documnetation 07-08-2025\4521_13797.2130.01_pd-technik\IHM Documents\24 Pressure booster unit deck wash water\Datasheet.pdf
1004-Datasheet,Datasheet,,C:\Users\ashu\OneDrive - dintegra\David (shared)'s files - FLW - MY Boardwalk (117m)\Fluegge Delivery Documentation\Batch 1\Approved Documnetation 07-08-2025\4521_13797.2130.01_pd-technik\IHM Documents\25 Pressure booster unit fresh water\Datasheet.pdf
